{
  "hash": "44b8cca6",
  "configHash": "a39abce4",
  "lockfileHash": "2473c660",
  "browserHash": "2b0530cc",
  "optimized": {
    "@angular/common": {
      "src": "../../../../../node_modules/@angular/common/fesm2022/common.mjs",
      "file": "@angular_common.js",
      "fileHash": "93000143",
      "needsInterop": false
    },
    "@angular/core": {
      "src": "../../../../../node_modules/@angular/core/fesm2022/core.mjs",
      "file": "@angular_core.js",
      "fileHash": "3ce6d573",
      "needsInterop": false
    },
    "@angular/forms": {
      "src": "../../../../../node_modules/@angular/forms/fesm2022/forms.mjs",
      "file": "@angular_forms.js",
      "fileHash": "0f4082c9",
      "needsInterop": false
    },
    "@angular/platform-browser": {
      "src": "../../../../../node_modules/@angular/platform-browser/fesm2022/platform-browser.mjs",
      "file": "@angular_platform-browser.js",
      "fileHash": "b3d938a9",
      "needsInterop": false
    },
    "@angular/router": {
      "src": "../../../../../node_modules/@angular/router/fesm2022/router.mjs",
      "file": "@angular_router.js",
      "fileHash": "40a512ef",
      "needsInterop": false
    }
  },
  "chunks": {
    "chunk-BIDN22WL": {
      "file": "chunk-BIDN22WL.js"
    },
    "chunk-MHFZ3VIA": {
      "file": "chunk-MHFZ3VIA.js"
    },
    "chunk-TMUGLGNE": {
      "file": "chunk-TMUGLGNE.js"
    }
  }
}